
BEGIN;

-- 1. Reset Tables safely
TRUNCATE TABLE paper_funding CASCADE;
TRUNCATE TABLE funding_agencies CASCADE;
TRUNCATE TABLE citations CASCADE;
TRUNCATE TABLE paperauthors CASCADE;
TRUNCATE TABLE papers CASCADE;
TRUNCATE TABLE journals CASCADE;
TRUNCATE TABLE authors CASCADE;
TRUNCATE TABLE users CASCADE;

-- Reset all auto-incrementing serial IDs back to 1
ALTER SEQUENCE citations_citation_id_seq RESTART WITH 1;
ALTER SEQUENCE funding_agencies_agency_id_seq RESTART WITH 1;
ALTER SEQUENCE papers_paper_id_seq RESTART WITH 1;
ALTER SEQUENCE journals_journal_id_seq RESTART WITH 1;
ALTER SEQUENCE authors_author_id_seq RESTART WITH 1;
ALTER SEQUENCE users_id_seq RESTART WITH 1;

-- 2. Create Users
INSERT INTO users (name, email, password, role) VALUES
('Admin User', 'admin@example.com', '$2b$10$Q8g1lKHz8H4T8xLg0O5fJ.qR5qZ1LzPzQzQzQzQzQzQzQzQzQzQzQ', 'Administrator'),
('Research Scholar', 'researcher@example.com', '$2b$10$Q8g1lKHz8H4T8xLg0O5fJ.qR5qZ1LzPzQzQzQzQzQzQzQzQzQzQzQ', 'Researcher');

-- 3. Create Authors (50 records)
INSERT INTO authors (name, orcid, affiliation, department, email, research_interests) VALUES
('Bjarne Nguyen', '0000-0006-1477-1427', 'Oxford University', 'Computer Science', 'bjarne.nguyen@oxford.edu', 'NLP, NLP'),
('Lovelace Nguyen', '0000-0007-8661-9054', 'Microsoft Research', 'Robotics', 'lovelace.nguyen@microsoft.edu', 'Algorithms, Ethics in AI'),
('Richard Young', '0000-0001-2068-2725', 'DeepMind', 'Artificial Intelligence', 'richard.young@deepmind.edu', 'Bioinformatics, Reinforcement Learning'),
('Ritchie Moore', '0000-0005-4123-4696', 'Stanford University', 'Cognitive Science', 'ritchie.moore@stanford.edu', 'NLP, Deep Learning'),
('Joseph Perez', '0000-0002-4870-5242', 'ETH Zurich', 'Computer Science', 'joseph.perez@eth.edu', 'Machine Learning, Quantum Computing'),
('Christopher Lewis', '0000-0000-5358-4006', 'Columbia University', 'Data Science', 'christopher.lewis@columbia.edu', 'Cryptography, Quantum Computing'),
('Torvalds Adams', '0000-0008-4799-2648', 'Microsoft Research', 'Artificial Intelligence', 'torvalds.adams@microsoft.edu', 'Reinforcement Learning, Computer Vision'),
('Torvalds Johnson', '0000-0005-5696-7607', 'Stanford University', 'Physics', 'torvalds.johnson@stanford.edu', 'Ethics in AI, Distributed Systems'),
('Elizabeth Lee', '0000-0008-9983-4217', 'University of Chicago', 'Information Systems', 'elizabeth.lee@university.edu', 'Cybersecurity, Algorithms'),
('Bob Smith', '0000-0007-7732-9829', 'Princeton University', 'Cognitive Science', 'bob.smith@princeton.edu', 'Cybersecurity, Computer Vision'),
('Susan Wilson', '0000-0008-5855-5631', 'Meta AI', 'Robotics', 'susan.wilson@meta.edu', 'Quantum Computing, NLP'),
('Bjarne Wilson', '0000-0006-5653-4506', 'Harvard University', 'Information Systems', 'bjarne.wilson@harvard.edu', 'NLP, Reinforcement Learning'),
('Patricia Ramirez', '0000-0003-7257-5027', 'Stanford University', 'Mathematics', 'patricia.ramirez@stanford.edu', 'Cybersecurity, Ethics in AI'),
('Mary Clark', '0000-0006-5975-7309', 'Stanford University', 'Mathematics', 'mary.clark@stanford.edu', 'Ethics in AI, Reinforcement Learning'),
('Mark King', '0000-0007-7034-8673', 'Columbia University', 'Computer Science', 'mark.king@columbia.edu', 'Distributed Systems, Distributed Systems'),
('Charles Lewis', '0000-0008-9813-3363', 'IBM Research', 'Robotics', 'charles.lewis@ibm.edu', 'NLP, Computer Vision'),
('Cerf Hill', '0000-0006-2883-1481', 'Columbia University', 'Engineering', 'cerf.hill@columbia.edu', 'Distributed Systems, Machine Learning'),
('Mark Perez', '0000-0008-9484-2946', 'Yale University', 'Physics', 'mark.perez@yale.edu', 'NLP, Distributed Systems'),
('Linda Smith', '0000-0004-8873-7484', 'IBM Research', 'Bioinformatics', 'linda.smith@ibm.edu', 'Deep Learning, Cryptography'),
('Linus Nelson', '0000-0004-4765-3425', 'Google Brain', 'Bioinformatics', 'linus.nelson@google.edu', 'Bioinformatics, Bioinformatics'),
('Tim Rodriguez', '0000-0003-3609-1405', 'Princeton University', 'Engineering', 'tim.rodriguez@princeton.edu', 'Ethics in AI, Cryptography'),
('Linus Hall', '0000-0004-7113-4477', 'Yale University', 'Robotics', 'linus.hall@yale.edu', 'Quantum Computing, NLP'),
('Thompson Lee', '0000-0007-5293-8364', 'OpenAI', 'Robotics', 'thompson.lee@openai.edu', 'Algorithms, Distributed Systems'),
('Thompson Hernandez', '0000-0000-5910-9297', 'University of Chicago', 'Physics', 'thompson.hernandez@university.edu', 'Machine Learning, Deep Learning'),
('Linda Davis', '0000-0006-1222-7857', 'Microsoft Research', 'Mathematics', 'linda.davis@microsoft.edu', 'Quantum Computing, Bioinformatics'),
('Nancy Flores', '0000-0008-1903-4875', 'University of Chicago', 'Computer Science', 'nancy.flores@university.edu', 'Distributed Systems, Bioinformatics'),
('Margaret Hall', '0000-0006-3438-9265', 'UCL', 'Data Science', 'margaret.hall@ucl.edu', 'Machine Learning, Cybersecurity'),
('Bjarne Nguyen', '0000-0007-7059-6229', 'Microsoft Research', 'Computer Science', 'bjarne.nguyen@microsoft.edu', 'Deep Learning, Distributed Systems'),
('Thomas Lopez', '0000-0003-8947-6605', 'DeepMind', 'Robotics', 'thomas.lopez@deepmind.edu', 'NLP, Algorithms'),
('Patricia Rodriguez', '0000-0006-8997-6398', 'Microsoft Research', 'Mathematics', 'patricia.rodriguez@microsoft.edu', 'Deep Learning, Machine Learning'),
('Vint Thomas', '0000-0001-7460-8314', 'Columbia University', 'Engineering', 'vint.thomas@columbia.edu', 'Bioinformatics, Algorithms'),
('Sandra Perez', '0000-0001-2456-2686', 'Columbia University', 'Information Systems', 'sandra.perez@columbia.edu', 'Bioinformatics, NLP'),
('Turing Lee', '0000-0005-4200-6312', 'Microsoft Research', 'Bioinformatics', 'turing.lee@microsoft.edu', 'Reinforcement Learning, Bioinformatics'),
('Daniel Gonzalez', '0000-0007-7971-8227', 'Microsoft Research', 'Mathematics', 'daniel.gonzalez@microsoft.edu', 'Quantum Computing, Distributed Systems'),
('Kahn Campbell', '0000-0003-3253-2790', 'Yale University', 'Cognitive Science', 'kahn.campbell@yale.edu', 'Bioinformatics, Quantum Computing'),
('Barbara Scott', '0000-0000-5314-5514', 'University of Chicago', 'Cognitive Science', 'barbara.scott@university.edu', 'Distributed Systems, Cybersecurity'),
('Lisa Hernandez', '0000-0005-7744-3287', 'UCL', 'Artificial Intelligence', 'lisa.hernandez@ucl.edu', 'Cryptography, Ethics in AI'),
('Lovelace White', '0000-0000-7822-7924', 'OpenAI', 'Information Systems', 'lovelace.white@openai.edu', 'Algorithms, Machine Learning'),
('Robert Adams', '0000-0001-5803-4537', 'DeepMind', 'Robotics', 'robert.adams@deepmind.edu', 'Deep Learning, Computer Vision'),
('Elizabeth Gonzalez', '0000-0008-5095-5894', 'University of Chicago', 'Information Systems', 'elizabeth.gonzalez@university.edu', 'NLP, Cryptography'),
('William Sanchez', '0000-0006-5728-5695', 'DeepMind', 'Artificial Intelligence', 'william.sanchez@deepmind.edu', 'Computer Vision, NLP'),
('Patricia Adams', '0000-0007-7734-3472', 'University of Chicago', 'Robotics', 'patricia.adams@university.edu', 'Distributed Systems, Distributed Systems'),
('Jennifer Wright', '0000-0003-4676-4455', 'University of Cambridge', 'Information Systems', 'jennifer.wright@university.edu', 'Algorithms, Algorithms'),
('William Johnson', '0000-0001-3698-1194', 'University of Chicago', 'Artificial Intelligence', 'william.johnson@university.edu', 'Ethics in AI, Cryptography'),
('Thompson Green', '0000-0005-2069-9773', 'Oxford University', 'Mathematics', 'thompson.green@oxford.edu', 'NLP, Bioinformatics'),
('Thompson Martin', '0000-0002-8376-2009', 'Imperial College London', 'Computer Science', 'thompson.martin@imperial.edu', 'Cybersecurity, Cryptography'),
('Kahn Sanchez', '0000-0003-7938-8487', 'DeepMind', 'Artificial Intelligence', 'kahn.sanchez@deepmind.edu', 'Cryptography, Ethics in AI'),
('Karen Nelson', '0000-0004-9016-7484', 'UCL', 'Information Systems', 'karen.nelson@ucl.edu', 'NLP, Algorithms'),
('Kahn Clark', '0000-0002-4336-3512', 'Microsoft Research', 'Artificial Intelligence', 'kahn.clark@microsoft.edu', 'Computer Vision, Distributed Systems'),
('David Wright', '0000-0002-7667-4632', 'Caltech', 'Robotics', 'david.wright@caltech.edu', 'Cybersecurity, Algorithms');

-- 4. Create Journals (10 records)
INSERT INTO journals (name, publisher) VALUES
('Nature', 'Nature Publishing Group'),
('Science', 'AAAS'),
('Cell', 'Elsevier'),
('IEEE Transactions on Neural Networks', 'IEEE'),
('Journal of Machine Learning Research', 'MIT Press'),
('ACM Computing Surveys', 'ACM'),
('Artificial Intelligence', 'Oxford University Press'),
('Bioinformatics', 'Springer'),
('Communications of the ACM', 'Wiley'),
('Physical Review Letters', 'APS');

-- 5. Create Papers (50 records)
INSERT INTO papers (title, abstract, doi, publication_year, journal_id, journal, conference, keywords, pdf_url) VALUES
('Quantum Simulations in Cybersecurity', 'We present a novel approach to quantum computing using neural frameworks. Our experimental results demonstrate state-of-the-art performance...', '10.7009/arXiv.2000.67067', 2018, 4, 'IEEE Transactions on Neural Networks', NULL, 'Deep, Policies, Algorithms', 'https://arxiv.org/pdf/arXiv.2000.67067'),
('Distributed Interfaces in Cybersecurity', 'We present a novel approach to distributed systems using spatial transformers. Our experimental results demonstrate state-of-the-art performance...', '10.3027/arXiv.2021.92069', 2021, 2, 'Science', 'NeurIPS', 'Generative, Clusters, Cybersecurity', 'https://arxiv.org/pdf/arXiv.2021.92069'),
('Deep Transformers with Differential Privacy', 'We present a novel approach to machine learning using optimization robots. Our experimental results demonstrate state-of-the-art performance...', '10.2507/arXiv.2003.92610', 2023, 7, 'Artificial Intelligence', NULL, 'Graph, Representations, NLP', 'https://arxiv.org/pdf/arXiv.2003.92610'),
('Spatial Systems for Smart Grids', 'We present a novel approach to machine learning using graph simulations. Our experimental results demonstrate state-of-the-art performance...', '10.5354/arXiv.2011.76093', 2012, 4, 'IEEE Transactions on Neural Networks', NULL, 'Probabilistic, Environments, NLP', 'https://arxiv.org/pdf/arXiv.2011.76093'),
('Optimization Networks for Social Networks', 'We present a novel approach to computer vision using optimization models. Our experimental results demonstrate state-of-the-art performance...', '10.6444/arXiv.2012.92006', 2020, 3, 'Cell', NULL, 'Multimodal, Agents, Distributed Systems', 'https://arxiv.org/pdf/arXiv.2012.92006'),
('Federated Transformers for Social Networks', 'We present a novel approach to nlp using quantum simulations. Our experimental results demonstrate state-of-the-art performance...', '10.2821/arXiv.2021.53516', 2014, 8, 'Bioinformatics', NULL, 'Autonomous, Pipelines, Computer Vision', 'https://arxiv.org/pdf/arXiv.2021.53516'),
('Neural Robots in Bioinformatics', 'We present a novel approach to quantum computing using multimodal databases. Our experimental results demonstrate state-of-the-art performance...', '10.1909/arXiv.2009.63305', 2017, 8, 'Bioinformatics', NULL, 'Secure, Interfaces, Bioinformatics', 'https://arxiv.org/pdf/arXiv.2009.63305'),
('Probabilistic Environments with Differential Privacy', 'We present a novel approach to quantum computing using spatial frameworks. Our experimental results demonstrate state-of-the-art performance...', '10.3781/arXiv.2020.32931', 2021, 1, 'Nature', NULL, 'Graph, Policies, Deep Learning', 'https://arxiv.org/pdf/arXiv.2020.32931'),
('Spatial Environments for Quantum Supremacy', 'We present a novel approach to deep learning using adversarial classifiers. Our experimental results demonstrate state-of-the-art performance...', '10.1068/arXiv.2001.92198', 2011, 5, 'Journal of Machine Learning Research', 'NeurIPS', 'Temporal, Robots, Distributed Systems', 'https://arxiv.org/pdf/arXiv.2001.92198'),
('Adversarial Environments in Healthcare', 'We present a novel approach to algorithms using probabilistic interfaces. Our experimental results demonstrate state-of-the-art performance...', '10.2549/arXiv.2021.18685', 2013, 6, 'ACM Computing Surveys', 'NeurIPS', 'Spatial, Representations, Deep Learning', 'https://arxiv.org/pdf/arXiv.2021.18685'),
('Spatial Networks for Social Networks', 'We present a novel approach to cryptography using federated interfaces. Our experimental results demonstrate state-of-the-art performance...', '10.4541/arXiv.2006.53920', 2011, 5, 'Journal of Machine Learning Research', 'NeurIPS', 'Adversarial, Embeddings, Algorithms', 'https://arxiv.org/pdf/arXiv.2006.53920'),
('Autonomous Systems for Climate Modeling', 'We present a novel approach to cryptography using temporal frameworks. Our experimental results demonstrate state-of-the-art performance...', '10.9053/arXiv.2019.60700', 2019, 5, 'Journal of Machine Learning Research', 'NeurIPS', 'Spatial, Simulations, Machine Learning', 'https://arxiv.org/pdf/arXiv.2019.60700'),
('Adversarial Classifiers with Differential Privacy', 'We present a novel approach to cybersecurity using scalable databases. Our experimental results demonstrate state-of-the-art performance...', '10.3522/arXiv.2023.52288', 2023, 2, 'Science', 'NeurIPS', 'Multimodal, Policies, Machine Learning', 'https://arxiv.org/pdf/arXiv.2023.52288'),
('Graph Environments in Bioinformatics', 'We present a novel approach to computer vision using robust classifiers. Our experimental results demonstrate state-of-the-art performance...', '10.4316/arXiv.2008.88190', 2012, 10, 'Physical Review Letters', NULL, 'Efficient, Policies, Ethics in AI', 'https://arxiv.org/pdf/arXiv.2008.88190'),
('Temporal Ontologies for Social Networks', 'We present a novel approach to quantum computing using self-supervised environments. Our experimental results demonstrate state-of-the-art performance...', '10.2285/arXiv.2013.52286', 2017, 4, 'IEEE Transactions on Neural Networks', 'NeurIPS', 'Secure, Environments, Cybersecurity', 'https://arxiv.org/pdf/arXiv.2013.52286'),
('Generative Algorithms in Healthcare', 'We present a novel approach to bioinformatics using spiking networks. Our experimental results demonstrate state-of-the-art performance...', '10.8974/arXiv.2009.83406', 2014, 9, 'Communications of the ACM', NULL, 'Adversarial, Classifiers, Cryptography', 'https://arxiv.org/pdf/arXiv.2009.83406'),
('Probabilistic Pipelines for Autonomous Driving', 'We present a novel approach to cybersecurity using secure architectures. Our experimental results demonstrate state-of-the-art performance...', '10.2680/arXiv.2020.28194', 2016, 4, 'IEEE Transactions on Neural Networks', NULL, 'Temporal, Databases, Ethics in AI', 'https://arxiv.org/pdf/arXiv.2020.28194'),
('Multimodal Environments for Autonomous Driving', 'We present a novel approach to distributed systems using efficient environments. Our experimental results demonstrate state-of-the-art performance...', '10.6098/arXiv.2000.87737', 2017, 2, 'Science', NULL, 'Optimization, Frameworks, Cryptography', 'https://arxiv.org/pdf/arXiv.2000.87737'),
('Adversarial Transformers in Cybersecurity', 'We present a novel approach to ethics in ai using generative embeddings. Our experimental results demonstrate state-of-the-art performance...', '10.7153/arXiv.2015.60911', 2020, 6, 'ACM Computing Surveys', 'NeurIPS', 'Robust, Frameworks, Cryptography', 'https://arxiv.org/pdf/arXiv.2015.60911'),
('Graph Simulations for Smart Grids', 'We present a novel approach to nlp using deep clusters. Our experimental results demonstrate state-of-the-art performance...', '10.4426/arXiv.2009.75869', 2021, 8, 'Bioinformatics', 'NeurIPS', 'Scalable, Ontologies, Algorithms', 'https://arxiv.org/pdf/arXiv.2009.75869'),
('Spiking Classifiers for Social Networks', 'We present a novel approach to deep learning using generative clusters. Our experimental results demonstrate state-of-the-art performance...', '10.8934/arXiv.2016.43787', 2012, 8, 'Bioinformatics', NULL, 'Optimization, Algorithms, Ethics in AI', 'https://arxiv.org/pdf/arXiv.2016.43787'),
('Probabilistic Architectures with Differential Privacy', 'We present a novel approach to deep learning using federated robots. Our experimental results demonstrate state-of-the-art performance...', '10.4049/arXiv.2004.41727', 2010, 5, 'Journal of Machine Learning Research', 'NeurIPS', 'Autonomous, Architectures, Bioinformatics', 'https://arxiv.org/pdf/arXiv.2004.41727'),
('Efficient Agents for Quantum Supremacy', 'We present a novel approach to algorithms using quantum simulations. Our experimental results demonstrate state-of-the-art performance...', '10.5940/arXiv.2019.34039', 2023, 1, 'Nature', NULL, 'Self-supervised, Systems, Computer Vision', 'https://arxiv.org/pdf/arXiv.2019.34039'),
('Generative Embeddings in Healthcare', 'We present a novel approach to machine learning using federated architectures. Our experimental results demonstrate state-of-the-art performance...', '10.2567/arXiv.2018.36396', 2011, 8, 'Bioinformatics', NULL, 'Neural, Models, Cybersecurity', 'https://arxiv.org/pdf/arXiv.2018.36396'),
('Efficient Frameworks in Cloud Environments', 'We present a novel approach to bioinformatics using generative environments. Our experimental results demonstrate state-of-the-art performance...', '10.9563/arXiv.2010.30375', 2020, 4, 'IEEE Transactions on Neural Networks', NULL, 'Generative, Policies, Cybersecurity', 'https://arxiv.org/pdf/arXiv.2010.30375'),
('Federated Representations for Quantum Supremacy', 'We present a novel approach to bioinformatics using optimization models. Our experimental results demonstrate state-of-the-art performance...', '10.5312/arXiv.2001.57578', 2012, 8, 'Bioinformatics', 'NeurIPS', 'Robust, Representations, Deep Learning', 'https://arxiv.org/pdf/arXiv.2001.57578'),
('Generative Databases in Cybersecurity', 'We present a novel approach to deep learning using efficient classifiers. Our experimental results demonstrate state-of-the-art performance...', '10.9568/arXiv.2012.64628', 2011, 4, 'IEEE Transactions on Neural Networks', NULL, 'Probabilistic, Interfaces, Distributed Systems', 'https://arxiv.org/pdf/arXiv.2012.64628'),
('Distributed Databases in Financial Markets', 'We present a novel approach to ethics in ai using spiking frameworks. Our experimental results demonstrate state-of-the-art performance...', '10.6652/arXiv.2018.28525', 2017, 2, 'Science', NULL, 'Deep, Robots, NLP', 'https://arxiv.org/pdf/arXiv.2018.28525'),
('Distributed Architectures for Edge Computing', 'We present a novel approach to cybersecurity using spatial embeddings. Our experimental results demonstrate state-of-the-art performance...', '10.1445/arXiv.2019.39588', 2015, 1, 'Nature', NULL, 'Temporal, Robots, Distributed Systems', 'https://arxiv.org/pdf/arXiv.2019.39588'),
('Self-supervised Clusters using Reinforcement Learning', 'We present a novel approach to bioinformatics using quantum simulations. Our experimental results demonstrate state-of-the-art performance...', '10.6611/arXiv.2008.55412', 2018, 9, 'Communications of the ACM', NULL, 'Efficient, Robots, Deep Learning', 'https://arxiv.org/pdf/arXiv.2008.55412'),
('Temporal Pipelines in Financial Markets', 'We present a novel approach to ethics in ai using robust representations. Our experimental results demonstrate state-of-the-art performance...', '10.4609/arXiv.2014.42658', 2010, 5, 'Journal of Machine Learning Research', 'NeurIPS', 'Spatial, Simulations, Deep Learning', 'https://arxiv.org/pdf/arXiv.2014.42658'),
('Probabilistic Networks using Reinforcement Learning', 'We present a novel approach to reinforcement learning using self-supervised frameworks. Our experimental results demonstrate state-of-the-art performance...', '10.9466/arXiv.2023.45633', 2021, 2, 'Science', 'NeurIPS', 'Efficient, Agents, Ethics in AI', 'https://arxiv.org/pdf/arXiv.2023.45633'),
('Spatial Agents in Financial Markets', 'We present a novel approach to machine learning using deep robots. Our experimental results demonstrate state-of-the-art performance...', '10.4189/arXiv.2008.56095', 2013, 9, 'Communications of the ACM', NULL, 'Multimodal, Architectures, NLP', 'https://arxiv.org/pdf/arXiv.2008.56095'),
('Efficient Transformers in Cybersecurity', 'We present a novel approach to quantum computing using spiking architectures. Our experimental results demonstrate state-of-the-art performance...', '10.6102/arXiv.2003.21673', 2023, 7, 'Artificial Intelligence', NULL, 'Secure, Ontologies, Computer Vision', 'https://arxiv.org/pdf/arXiv.2003.21673'),
('Scalable Agents for Social Networks', 'We present a novel approach to computer vision using autonomous ontologies. Our experimental results demonstrate state-of-the-art performance...', '10.6053/arXiv.2011.35436', 2019, 9, 'Communications of the ACM', 'NeurIPS', 'Adversarial, Embeddings, NLP', 'https://arxiv.org/pdf/arXiv.2011.35436'),
('Distributed Simulations for Quantum Supremacy', 'We present a novel approach to distributed systems using scalable environments. Our experimental results demonstrate state-of-the-art performance...', '10.8739/arXiv.2016.51287', 2020, 4, 'IEEE Transactions on Neural Networks', 'NeurIPS', 'Spiking, Algorithms, Computer Vision', 'https://arxiv.org/pdf/arXiv.2016.51287'),
('Secure Classifiers in Cloud Environments', 'We present a novel approach to reinforcement learning using self-supervised pipelines. Our experimental results demonstrate state-of-the-art performance...', '10.8085/arXiv.2008.80999', 2022, 10, 'Physical Review Letters', 'NeurIPS', 'Neural, Policies, Cryptography', 'https://arxiv.org/pdf/arXiv.2008.80999'),
('Distributed Clusters in Healthcare', 'We present a novel approach to distributed systems using spiking simulations. Our experimental results demonstrate state-of-the-art performance...', '10.7626/arXiv.2012.37741', 2019, 5, 'Journal of Machine Learning Research', NULL, 'Self-supervised, Interfaces, Machine Learning', 'https://arxiv.org/pdf/arXiv.2012.37741'),
('Spatial Representations for Social Networks', 'We present a novel approach to ethics in ai using robust networks. Our experimental results demonstrate state-of-the-art performance...', '10.5907/arXiv.2023.54502', 2015, 4, 'IEEE Transactions on Neural Networks', NULL, 'Scalable, Embeddings, Machine Learning', 'https://arxiv.org/pdf/arXiv.2023.54502'),
('Neural Representations with Differential Privacy', 'We present a novel approach to distributed systems using self-supervised policies. Our experimental results demonstrate state-of-the-art performance...', '10.7312/arXiv.2002.87053', 2015, 3, 'Cell', NULL, 'Adversarial, Classifiers, Machine Learning', 'https://arxiv.org/pdf/arXiv.2002.87053'),
('Distributed Policies for Edge Computing', 'We present a novel approach to machine learning using efficient robots. Our experimental results demonstrate state-of-the-art performance...', '10.6986/arXiv.2014.69442', 2022, 4, 'IEEE Transactions on Neural Networks', 'NeurIPS', 'Graph, Interfaces, Computer Vision', 'https://arxiv.org/pdf/arXiv.2014.69442'),
('Spiking Classifiers in Cybersecurity', 'We present a novel approach to algorithms using graph databases. Our experimental results demonstrate state-of-the-art performance...', '10.1311/arXiv.2017.91837', 2023, 8, 'Bioinformatics', NULL, 'Deep, Policies, Bioinformatics', 'https://arxiv.org/pdf/arXiv.2017.91837'),
('Robust Databases in Cybersecurity', 'We present a novel approach to distributed systems using deep models. Our experimental results demonstrate state-of-the-art performance...', '10.8068/arXiv.2003.89438', 2020, 5, 'Journal of Machine Learning Research', 'NeurIPS', 'Multimodal, Embeddings, NLP', 'https://arxiv.org/pdf/arXiv.2003.89438'),
('Federated Databases for Edge Computing', 'We present a novel approach to machine learning using scalable environments. Our experimental results demonstrate state-of-the-art performance...', '10.7797/arXiv.2002.66530', 2018, 9, 'Communications of the ACM', NULL, 'Optimization, Representations, Computer Vision', 'https://arxiv.org/pdf/arXiv.2002.66530'),
('Quantum Algorithms for Autonomous Driving', 'We present a novel approach to cybersecurity using secure models. Our experimental results demonstrate state-of-the-art performance...', '10.8859/arXiv.2017.50881', 2018, 9, 'Communications of the ACM', NULL, 'Probabilistic, Algorithms, Deep Learning', 'https://arxiv.org/pdf/arXiv.2017.50881'),
('Quantum Embeddings in Cybersecurity', 'We present a novel approach to bioinformatics using probabilistic classifiers. Our experimental results demonstrate state-of-the-art performance...', '10.4631/arXiv.2002.49919', 2010, 4, 'IEEE Transactions on Neural Networks', 'NeurIPS', 'Secure, Clusters, Reinforcement Learning', 'https://arxiv.org/pdf/arXiv.2002.49919'),
('Self-supervised Systems using Reinforcement Learning', 'We present a novel approach to bioinformatics using optimization agents. Our experimental results demonstrate state-of-the-art performance...', '10.9300/arXiv.2022.90971', 2013, 1, 'Nature', 'NeurIPS', 'Secure, Environments, Machine Learning', 'https://arxiv.org/pdf/arXiv.2022.90971'),
('Secure Pipelines in Financial Markets', 'We present a novel approach to algorithms using autonomous clusters. Our experimental results demonstrate state-of-the-art performance...', '10.4579/arXiv.2010.59644', 2010, 7, 'Artificial Intelligence', NULL, 'Deep, Models, Bioinformatics', 'https://arxiv.org/pdf/arXiv.2010.59644'),
('Federated Databases for Quantum Supremacy', 'We present a novel approach to cryptography using generative models. Our experimental results demonstrate state-of-the-art performance...', '10.1168/arXiv.2015.32253', 2011, 9, 'Communications of the ACM', 'NeurIPS', 'Scalable, Networks, Computer Vision', 'https://arxiv.org/pdf/arXiv.2015.32253'),
('Deep Environments with Differential Privacy', 'We present a novel approach to algorithms using autonomous embeddings. Our experimental results demonstrate state-of-the-art performance...', '10.3719/arXiv.2008.32640', 2016, 9, 'Communications of the ACM', 'NeurIPS', 'Probabilistic, Pipelines, Cryptography', 'https://arxiv.org/pdf/arXiv.2008.32640');

-- 6. Link Papers to Authors
INSERT INTO paperauthors (paper_id, author_id) VALUES
(1, 29),
(1, 22),
(2, 22),
(3, 6),
(3, 2),
(4, 14),
(4, 31),
(5, 32),
(5, 30),
(5, 26),
(6, 18),
(7, 47),
(7, 32),
(7, 26),
(8, 40),
(9, 45),
(9, 39),
(9, 5),
(10, 19),
(10, 32),
(10, 14),
(10, 38),
(11, 8),
(11, 13),
(12, 33),
(12, 45),
(12, 20),
(12, 13),
(13, 25),
(14, 49),
(14, 13),
(15, 27),
(15, 46),
(16, 25),
(16, 17),
(16, 2),
(17, 3),
(17, 36),
(17, 28),
(18, 34),
(19, 19),
(20, 6),
(20, 37),
(20, 7),
(21, 25),
(21, 35),
(22, 12),
(23, 5),
(23, 37),
(24, 21),
(25, 23),
(26, 47),
(27, 8),
(28, 39),
(28, 9),
(29, 2),
(29, 15),
(29, 23),
(29, 37),
(30, 28),
(31, 18),
(32, 39),
(32, 3),
(33, 10),
(33, 8),
(33, 47),
(33, 28),
(34, 18),
(35, 5),
(35, 2),
(36, 22),
(36, 25),
(36, 10),
(37, 31),
(37, 25),
(37, 42),
(37, 22),
(38, 38),
(38, 22),
(38, 28),
(38, 35),
(39, 12),
(39, 31),
(40, 7),
(40, 15),
(40, 5),
(41, 43),
(41, 23),
(42, 21),
(43, 24),
(44, 36),
(44, 43),
(44, 1),
(45, 25),
(46, 20),
(46, 34),
(46, 3),
(47, 15),
(47, 8),
(47, 46),
(47, 24),
(48, 46),
(49, 49),
(49, 33),
(49, 43),
(50, 50),
(50, 14);

-- 7. Add Citations
INSERT INTO citations (citing_paper_id, cited_paper_id) VALUES
(2, 17),
(2, 27),
(2, 7),
(3, 4),
(3, 48),
(3, 47),
(4, 16),
(5, 25),
(5, 23),
(5, 40),
(5, 46),
(6, 16),
(6, 30),
(6, 38),
(6, 50),
(7, 39),
(7, 32),
(7, 8),
(10, 19),
(11, 44),
(11, 25),
(11, 8),
(11, 36),
(12, 50),
(13, 23),
(14, 47),
(14, 5),
(14, 39),
(14, 48),
(14, 43),
(15, 8),
(15, 20),
(15, 2),
(15, 18),
(16, 17),
(16, 19),
(16, 46),
(17, 48),
(17, 33),
(17, 36),
(18, 16),
(19, 3),
(19, 22),
(19, 38),
(19, 48),
(19, 18),
(20, 2),
(20, 30),
(20, 36),
(21, 25),
(22, 43),
(22, 32),
(22, 7),
(22, 42),
(22, 14),
(23, 12),
(24, 7),
(25, 32),
(25, 11),
(25, 21),
(26, 10),
(27, 29),
(27, 31),
(27, 41),
(28, 18),
(28, 43),
(28, 47),
(28, 22),
(28, 1),
(29, 6),
(29, 35),
(29, 31),
(29, 27),
(30, 4),
(31, 22),
(31, 40),
(31, 4),
(31, 30),
(32, 1),
(32, 9),
(32, 16),
(32, 24),
(32, 6),
(33, 19),
(33, 41),
(34, 16),
(34, 29),
(34, 6),
(36, 15),
(36, 29),
(36, 42),
(36, 22),
(36, 23),
(37, 8),
(37, 22),
(38, 50),
(38, 19),
(38, 35),
(40, 6),
(40, 37),
(41, 26),
(41, 22),
(42, 27),
(42, 14),
(43, 10),
(43, 47),
(43, 26),
(43, 17),
(43, 4),
(44, 14),
(44, 26),
(44, 22),
(44, 20),
(45, 47),
(46, 31),
(46, 10),
(46, 43),
(46, 35),
(46, 12),
(47, 49),
(47, 27),
(47, 35),
(47, 38),
(47, 28),
(49, 9),
(50, 23),
(50, 29),
(50, 19),
(50, 7);

-- 8. Create Funding Agencies
INSERT INTO funding_agencies (name, type, location) VALUES
('National Science Foundation', 'Government', 'United States'),
('DARPA', 'Government', 'United States'),
('European Research Council', 'Government', 'Europe'),
('Google Research', 'Corporate', 'Global'),
('Microsoft Research Grants', 'Corporate', 'Global'),
('NIH', 'Government', 'United States'),
('Wellcome Trust', 'Non-profit', 'United Kingdom'),
('Gates Foundation', 'Non-profit', 'Global'),
('EPSRC', 'Government', 'United Kingdom'),
('Max Planck Society', 'Research Institute', 'Germany');

-- 9. Link Papers to Funding
INSERT INTO paper_funding (paper_id, agency_id, amount, grant_number) VALUES
(1, 7, 272066.00, 'GR-2023-942'),
(1, 6, 344317.00, 'GR-2022-502'),
(2, 3, 355702.00, 'GR-2013-608'),
(3, 7, 31489.00, 'GR-2017-881'),
(3, 6, 477209.00, 'GR-2017-216'),
(5, 4, 277815.00, 'GR-2017-951'),
(7, 6, 239721.00, 'GR-2015-895'),
(7, 8, 32505.00, 'GR-2022-337'),
(8, 1, 315982.00, 'GR-2017-459'),
(8, 10, 294318.00, 'GR-2021-302'),
(9, 2, 167809.00, 'GR-2021-692'),
(9, 4, 260433.00, 'GR-2013-640'),
(10, 3, 350881.00, 'GR-2023-799'),
(18, 1, 250449.00, 'GR-2012-180'),
(18, 7, 449089.00, 'GR-2020-798'),
(19, 10, 441503.00, 'GR-2012-289'),
(19, 4, 383036.00, 'GR-2020-536'),
(21, 7, 382099.00, 'GR-2012-143'),
(21, 3, 486498.00, 'GR-2019-746'),
(22, 3, 140077.00, 'GR-2021-264'),
(22, 7, 252744.00, 'GR-2016-417'),
(23, 10, 417866.00, 'GR-2013-279'),
(24, 4, 269918.00, 'GR-2021-137'),
(25, 3, 446492.00, 'GR-2023-291'),
(25, 6, 236349.00, 'GR-2010-539'),
(29, 3, 302899.00, 'GR-2017-245'),
(29, 2, 432363.00, 'GR-2021-270'),
(30, 1, 346287.00, 'GR-2014-956'),
(31, 5, 433591.00, 'GR-2019-339'),
(32, 7, 181646.00, 'GR-2020-241'),
(32, 5, 196463.00, 'GR-2016-401'),
(34, 8, 469441.00, 'GR-2017-291'),
(35, 8, 482335.00, 'GR-2014-675'),
(36, 9, 144077.00, 'GR-2014-429'),
(36, 8, 248250.00, 'GR-2016-657'),
(38, 5, 201165.00, 'GR-2022-451'),
(40, 6, 130706.00, 'GR-2013-686'),
(41, 8, 79872.00, 'GR-2020-418'),
(43, 10, 293355.00, 'GR-2016-581'),
(44, 6, 414067.00, 'GR-2012-932'),
(44, 7, 133867.00, 'GR-2023-245'),
(46, 9, 56235.00, 'GR-2022-585'),
(49, 3, 235162.00, 'GR-2016-384'),
(50, 9, 508385.00, 'GR-2010-344');

COMMIT;
